{
  "learning_rate": 0.04940700629817992,
  "max_depth": 5,
  "subsample": 0.7582696326310925,
  "colsample_bytree": 0.9810755762213591,
  "min_child_weight": 6,
  "gamma": 1.8087437514786047e-07,
  "reg_alpha": 3.3151835060421946e-08,
  "reg_lambda": 1.2231286133806691,
  "best_val_mae": 1.3415976853720069
}